INSERT INTO product_category (id, category_name) VALUES
(1, '电子产品'),
(2, '家居用品'),
(3, '服装鞋帽'),
(4, '食品饮料'),
(5, '图书音像'),
(6, '美妆个护'),
(7, '运动户外'),
(8, '办公文具'),
(9, '汽车用品'),
(10, '母婴用品'),
(11, '其他');

INSERT INTO product (id, name, category_id, price, remain, intro, cover_image) VALUES
(1, 'iPhone 13 Pro', 1, 9999, 100, '全新升级，A15芯片，120Hz ProMotion屏幕', 'default_cover.jpg'),
(2, '华为Mate 40 Pro', 1, 7999, 80, '麒麟9000芯片，超感知徕卡摄影', 'default_cover.jpg'),
(3, '小米11 Ultra', 1, 5999, 60, '120倍变焦相机，骁龙888处理器', 'default_cover.jpg'),
(4, 'IKEA Hemnes 床架', 2, 1999, 30, '实木床架，白色经典设计', 'default_cover.jpg'),
(5, '索菲亚布艺沙发', 2, 3999, 20, '舒适布艺沙发，灰色系列', 'default_cover.jpg'),
(6, 'Armani Exchange T恤', 3, 299, 150, '简约时尚设计，舒适面料', 'default_cover.jpg'),
(7, 'Levis 牛仔裤', 3, 499, 100, '经典款牛仔裤，修身版型', 'default_cover.jpg'),
(8, 'Lindt 巧克力礼盒', 4, 159, 200, '瑞士进口巧克力，多种口味', 'default_cover.jpg'),
(9, '星巴克咖啡豆', 4, 89, 300, '浓郁香醇咖啡，自家烘焙', 'default_cover.jpg'),
(10, 'Python编程从入门到精通', 5, 99, 80, '深入浅出的Python编程指南', 'default_cover.jpg'),
(11, 'JavaScript高级编程', 5, 129, 70, '全面剖析JavaScript核心概念', 'default_cover.jpg'),
(12, 'MAC 经典唇膏', 6, 149, 120, '持久保湿，丰润色彩', 'default_cover.jpg'),
(13, 'SK-II 面膜', 6, 299, 50, '提亮肤色，紧致肌肤', 'default_cover.jpg'),
(14, 'Nike Air Zoom Pegasus 38', 7, 699, 90, '缓震跑鞋，舒适稳定', 'default_cover.jpg'),
(15, 'Adidas 健身器械套装', 7, 1999, 30, '多功能健身训练器材', 'default_cover.jpg'),
(16, '三菱 Uni 签字笔', 8, 19, 500, '流畅书写，不易晕染', 'default_cover.jpg'),
(17, '文具套装礼盒', 8, 59, 200, '办公学习必备文具', 'default_cover.jpg'),
(18, '森海塞尔耳机', 9, 699, 40, '纯净音质，舒适佩戴', 'default_cover.jpg'),
(19, '汽车轮胎', 9, 899, 100, '耐磨橡胶材质，适用于各种车型', 'default_cover.jpg'),
(20, 'Swarovski 水晶项链', 10, 999, 50, '闪耀水晶，精美设计', 'default_cover.jpg'),
(21, 'Cartier 戒指', 10, 5999, 30, '经典款戒指，铂金材质', 'default_cover.jpg'),
(22, 'LV 女士手提包', 11, 7999, 20, '高级皮革制作，时尚经典', 'default_cover.jpg'),
(23, 'Gucci 男士腰带', 11, 1499, 40, '真皮腰带，金属扣设计', 'default_cover.jpg'),
(24, 'Tiffany & Co. 银手镯', 12, 2999, 30, '精致银饰，简约设计', 'default_cover.jpg'),
(25, 'Chanel No.5 香水', 12, 1999, 80, '气味芬芳持久，女性优雅之选', 'default_cover.jpg'),
(26, 'Hermes 丝巾', 13, 999, 60, '高品质丝绸，多款花纹可选', 'default_cover.jpg'),
(27, 'Ralph Lauren 男士衬衫', 13, 399, 150, '品牌正装，舒适面料', 'default_cover.jpg'),
(28, 'Canon EOS R5 相机', 14, 19999, 10, '全画幅无反相机，高分辨率拍摄', 'default_cover.jpg'),
(29, 'Sony A7 III 相机', 14, 12999, 15, '全画幅微单相机，出色画质与性能', 'default_cover.jpg'),
(30, 'Dell XPS 15 笔记本电脑', 15, 8999, 25, '高性能轻薄本，超窄边框设计', 'default_cover.jpg'),
(31, 'MacBook Pro 16 英寸', 15, 15999, 10, '强大的专业笔记本电脑', 'default_cover.jpg'),
(32, 'LG 65英寸4K智能电视', 16, 5999, 20, '震撼画质，智能操作系统', 'default_cover.jpg'),
(33, 'Samsung 55英寸8K QLED电视', 16, 7999, 15, '超高清画质，智能语音控制', 'default_cover.jpg'),
(34, 'Bose QuietComfort 35 II 降噪耳机', 17, 1299, 50, '顶级降噪效果，舒适佩戴', 'default_cover.jpg'),
(35, 'AirPods Pro 无线耳机', 17, 1399, 70, '主动降噪，透明模式切换', 'default_cover.jpg'),
(36, 'Nintendo Switch 游戏机', 18, 1999, 30, '家用和手持游戏一体化', 'default_cover.jpg'),
(37, 'PlayStation 5 游戏机', 18, 3499, 25, '次世代游戏体验，强大性能', 'default_cover.jpg'),
(38, 'GoPro HERO9 Black 运动相机', 19, 2499, 40, '超稳定拍摄，4K高清视频', 'default_cover.jpg'),
(39, 'Fitbit Versa 3 智能手表', 19, 999, 60, '健康追踪，智能通知', 'default_cover.jpg'),
(40, 'Xbox Series X 游戏机', 18, 3299, 20, '主机游戏新一代，极致画质', 'default_cover.jpg'),
(41, 'Philips Hue 智能灯泡', 20, 199, 100, '可调节色温和亮度，语音控制', 'default_cover.jpg'),
(42, 'iRobot Roomba 980 扫地机器人', 20, 3999, 30, '自动清扫，智能路径规划', 'default_cover.jpg'),
(43, 'KitchenAid 台式搅拌机', 21, 1799, 50, '多功能厨房助手，高品质', 'default_cover.jpg'),
(44, 'Breville Barista Express 咖啡机', 21, 2999, 20, '全自动咖啡制作，浓郁口感', 'default_cover.jpg'),
(45, 'Dyson V11 无线吸尘器', 22, 3999, 30, '强大吸力，智能过滤系统', 'default_cover.jpg'),
(46, 'Neato Botvac D7 扫地机器人', 22, 2999, 40, '激光导航，高效清扫', 'default_cover.jpg'),
(47, 'Nike Air Jordan 1 运动鞋', 23, 1299, 80, '经典款篮球鞋，时尚与舒适', 'default_cover.jpg'),
(48, 'Adidas Ultraboost 21 运动鞋', 23, 999, 90, '缓震跑鞋，轻盈舒适', 'default_cover.jpg'),
(49, 'Razer Huntsman Mini 游戏键盘', 24, 699, 60, '紧凑设计，快速响应', 'default_cover.jpg'),
(50, 'Logitech G Pro Wireless 游戏鼠标', 24, 499, 100, '轻量无线设计，高精度传感器', 'default_cover.jpg');

INSERT INTO product_outbound (id, product_id, quantity, outbound_date, operator_id) VALUES
(1, 1, 5, '2023-10-01', 1),
(2, 2, 3, '2023-10-02', 1),
(3, 3, 2, '2023-10-03', 1),
(4, 4, 8, '2023-10-04', 1),
(5, 5, 6, '2023-10-05', 1),
(6, 6, 4, '2023-10-06', 1),
(7, 7, 7, '2023-10-07', 1),
(8, 8, 10, '2023-10-08', 1),
(9, 9, 12, '2023-10-09', 1),
(10, 10, 15, '2023-10-10', 1),
(11, 11, 20, '2023-10-11', 2),
(12, 12, 6, '2023-10-12', 2),
(13, 13, 8, '2023-10-13', 2),
(14, 14, 5, '2023-10-14', 2),
(15, 15, 2, '2023-10-15', 2),
(16, 16, 3, '2023-10-16', 2),
(17, 17, 4, '2023-10-17', 2),
(18, 18, 6, '2023-10-18', 2),
(19, 19, 7, '2023-10-19', 2),
(20, 20, 9, '2023-10-20', 2);

INSERT INTO product_inbound (id, product_id, quantity, inbound_date, operator_id) VALUES
(1, 1, 10, '2023-11-01', 1),
(2, 2, 5, '2023-11-02', 1),
(3, 3, 2, '2023-11-03', 1),
(4, 4, 8, '2023-11-04', 1),
(5, 5, 15, '2023-11-05', 1),
(6, 6, 7, '2023-11-06', 1),
(7, 7, 12, '2023-11-07', 1),
(8, 8, 4, '2023-11-08', 1),
(9, 9, 9, '2023-11-09', 1),
(10, 10, 6, '2023-11-10', 1),
(11, 11, 3, '2023-11-11', 1),
(12, 12, 5, '2023-11-12', 2),
(13, 13, 8, '2023-11-13', 2),
(14, 14, 10, '2023-11-14', 2),
(15, 15, 15, '2023-11-15', 2),
(16, 16, 7, '2023-11-16', 2),
(17, 17, 4, '2023-11-17', 2),
(18, 18, 9, '2023-11-18', 2),
(19, 19, 12, '2023-11-19', 2),
(20, 20, 6, '2023-11-20', 2);

INSERT INTO product_inventory (product_id, quantity, update_time)
VALUES
    (1, 100, '2023-11-17 09:00:00'),
    (2, 80, '2023-11-17 10:00:00'),
    (3, 60, '2023-11-17 11:00:00'),
    (4, 30, '2023-11-17 12:00:00'),
    (5, 20, '2023-11-17 13:00:00'),
    (6, 150, '2023-11-17 14:00:00'),
    (7, 100, '2023-11-17 15:00:00'),
    (8, 200, '2023-11-17 16:00:00'),
    (9, 300, '2023-11-17 17:00:00'),
    (10, 80, '2023-11-17 18:00:00'),
    (11, 70, '2023-11-17 19:00:00'),
    (12, 120, '2023-11-17 20:00:00'),
    (13, 50, '2023-11-17 21:00:00'),
    (14, 90, '2023-11-17 22:00:00'),
    (15, 30, '2023-11-17 23:00:00'),
    (16, 500, '2023-11-18 00:00:00'),
    (17, 200, '2023-11-18 01:00:00'),
    (18, 40, '2023-11-18 02:00:00'),
    (19, 100, '2023-11-18 03:00:00'),
    (20, 50, '2023-11-18 04:00:00'),
    (21, 30, '2023-11-18 05:00:00'),
    (22, 20, '2023-11-18 06:00:00'),
    (23, 40, '2023-11-18 07:00:00'),
    (24, 30, '2023-11-18 08:00:00'),
    (25, 80, '2023-11-18 09:00:00'),
    (26, 60, '2023-11-18 10:00:00'),
    (27, 150, '2023-11-18 11:00:00'),
    (28, 10, '2023-11-18 12:00:00'),
    (29, 15, '2023-11-18 13:00:00'),
    (30, 25, '2023-11-18 14:00:00'),
    (31, 10, '2023-11-18 15:00:00'),
    (32, 20, '2023-11-18 16:00:00'),
    (33, 15, '2023-11-18 17:00:00'),
    (34, 50, '2023-11-18 18:00:00'),
    (35, 70, '2023-11-18 19:00:00'),
    (36, 30, '2023-11-18 20:00:00'),
    (37, 25, '2023-11-18 21:00:00'),
    (38, 40, '2023-11-18 22:00:00'),
    (39, 60, '2023-11-18 23:00:00'),
    (40, 20, '2023-11-19 00:00:00'),
    (41, 100, '2023-11-19 01:00:00'),
    (42, 30, '2023-11-19 02:00:00'),
    (43, 50, '2023-11-19 03:00:00'),
    (44, 20, '2023-11-19 04:00:00'),
    (45, 40, '2023-11-19 05:00:00'),
    (46, 30, '2023-11-19 06:00:00'),
    (47, 60, '2023-11-19 07:00:00'),
    (48, 10, '2023-11-19 08:00:00'),
    (49, 15, '2023-11-19 09:00:00'),
    (50, 25, '2023-11-19 10:00:00');
